Class,PDB,Receptor,Ligand,Atoms,Torsions,nConfs,idock score (kcal/mol)
noncovalent,5R7Y,A_AminoAcids,A_JFM_1001,13,4,1,-3.63
noncovalent,5R7Z,A_AminoAcids,A_HWH_404,16,3,1,-5.34
noncovalent,5R80,A_AminoAcids,A_RZG_404,14,3,1,-4.83
noncovalent,5R81,A_AminoAcids,A_RZJ_1001,15,1,1,-4.86
noncovalent,5R82,A_AminoAcids,A_RZS_1001,11,2,1,-3.15
noncovalent,5R83,A_AminoAcids,A_K0G_404,16,4,1,-4.77
noncovalent,5R84,A_AminoAcids,A_GWS_1001,16,3,1,-5.75
noncovalent,5RE4,A_AminoAcids,A_SZY_404,11,1,1,-4.19
noncovalent,5RE9,A_AminoAcids,A_LPZ_404,18,3,1,-2.73
noncovalent,5REB,A_AminoAcids,A_T0Y_404,13,2,1,-3.25
noncovalent,5REZ,A_AminoAcids,A_T54_404,13,2,1,-4.02
noncovalent,5RF1,A_AminoAcids,A_T5G_404,11,1,1,-3.71
noncovalent,5RF6,A_AminoAcids,A_NTG_404,15,1,1,-4.57
noncovalent,5RF7,A_AminoAcids,A_T67_404,19,2,1,-6.05
noncovalent,5RFE,A_AminoAcids,A_JGG_404,18,4,1,-3.75
noncovalent,5RG1,A_AminoAcids,A_T9J_404,20,6,1,-3.95
noncovalent,5RGH,A_AminoAcids,A_U0M_404,14,2,1,-3.93
noncovalent,5RGI,A_AminoAcids,A_U0P_404,15,5,1,-5.56
noncovalent,5RGK,A_AminoAcids,A_U0V_404,18,4,1,-2.76
noncovalent,5RGT,A_AminoAcids,A_UHS_405,28,6,1,-2.38
noncovalent,5RGV,A_AminoAcids,A_UGG_1001,20,3,1,-6.24
noncovalent,5RGW,A_AminoAcids,A_UGM_1001,18,3,1,-5.85
noncovalent,5RGX,A_AminoAcids,A_UGP_1001,19,3,1,-6.21
noncovalent,5RGY,A_AminoAcids,A_UGS_1001,22,4,1,-6.28
noncovalent,5RGZ,A_AminoAcids,A_UH1_1001,18,3,1,-6.01
noncovalent,5RH0,A_AminoAcids,A_UH4_1001,16,4,1,-4.10
noncovalent,5RH1,A_AminoAcids,A_UGV_1001,16,3,1,-3.49
noncovalent,5RH2,A_AminoAcids,A_UH7_1001,18,3,1,-6.38
noncovalent,5RH3,A_AminoAcids,A_UHA_1001,19,1,1,-6.95
noncovalent,5RH5,A_AminoAcids,A_UHV_1001,33,8,1,-2.22
noncovalent,5RH6,A_AminoAcids,A_UHY_405,33,7,1,-3.20
noncovalent,5RH7,A_AminoAcids,A_UJ1_405,33,8,1,-3.75
noncovalent,5RH8,A_AminoAcids,A_UHM_405,19,5,1,-4.51
noncovalent,5RHD,A_AminoAcids,A_US7_408,16,2,1,-4.93
noncovalent,6M2N,A_AminoAcids,A_3WL_401,20,1,1,-6.82
noncovalent,6W63,A_AminoAcids,A_X77_401,34,7,1,-8.41
noncovalent,6WNP,A_AminoAcids,A_U5G_401,37,11,1,-1.99
noncovalent,6XFN,A_AminoAcids,ligand,34,9,1,0.56
noncovalent,7A1U,A_AminoAcids,A_FUA_401,37,5,1,-4.98
noncovalent,7AGA,A_AminoAcids,A_LZE_401,25,4,1,-4.05
noncovalent,7ANS,A_AminoAcids,A_RNW_405,20,5,1,-3.86
noncovalent,7AP6,A_AminoAcids,A_RQN_401,21,4,1,-3.89
noncovalent,7AVD,B_AminoAcids,B_S1W_401,24,5,1,-4.83
noncovalent,7AWU,A_AminoAcids,A_S8B_501,20,4,1,-2.45
noncovalent,7JU7,A_AminoAcids,A_G65_401,36,7,1,-7.40
noncovalent,7KX5,A_AminoAcids,A_X7V_401,38,8,1,-8.40
noncovalent,7L5D,A_AminoAcids,A_XNJ_401,35,7,1,-7.70
covalent,5REJ,A_AminoAcids,A_T1V_404,17,2,1,2.47
covalent,5REK,A_AminoAcids,A_T1Y_404,19,2,1,1.93
covalent,5REL,A_AminoAcids,A_T2G_404,17,2,1,0.75
covalent,5REM,A_AminoAcids,A_T2J_404,18,1,1,2.18
covalent,5REN,A_AminoAcids,A_T2V_404,18,1,1,-0.12
covalent,5RER,A_AminoAcids,A_T3J_404,16,1,1,0.41
covalent,5RES,A_AminoAcids,A_T3V_404,19,2,1,1.77
covalent,5RET,A_AminoAcids,A_T47_404,17,2,1,0.21
covalent,5REU,A_AminoAcids,A_T4D_404,20,2,1,2.14
covalent,5REV,A_AminoAcids,A_T4J_404,18,2,1,3.12
covalent,5REW,A_AminoAcids,A_T4M_404,16,2,1,1.14
covalent,5REX,A_AminoAcids,A_T4V_404,20,2,1,-1.18
covalent,5REY,A_AminoAcids,A_T4Y_404,18,2,1,-0.04
covalent,5RFF,A_AminoAcids,A_T6M_404,19,2,1,1.55
covalent,5RFG,A_AminoAcids,A_T6V_404,17,2,1,1.30
covalent,5RFH,A_AminoAcids,A_T6Y_404,16,2,1,0.54
covalent,5RFI,A_AminoAcids,A_T71_404,20,2,1,0.48
covalent,5RFJ,A_AminoAcids,A_T7A_404,15,2,1,0.96
covalent,5RFK,A_AminoAcids,A_T7D_404,18,2,1,1.84
covalent,5RFL,A_AminoAcids,A_T7G_404,19,2,1,1.97
covalent,5RFM,A_AminoAcids,A_T7J_404,18,2,1,2.12
covalent,5RFN,A_AminoAcids,A_T7P_404,18,2,1,0.86
covalent,5RFO,A_AminoAcids,A_T7S_404,17,1,1,1.72
covalent,5RFP,A_AminoAcids,A_T7V_404,13,2,1,0.85
covalent,5RFQ,A_AminoAcids,A_T7Y_404,16,2,1,1.68
covalent,5RFR,A_AminoAcids,A_T81_404,16,2,1,1.26
covalent,5RFS,A_AminoAcids,A_T84_405,15,2,1,0.55
covalent,5RFT,A_AminoAcids,A_T8A_404,19,1,1,-0.53
covalent,5RFU,A_AminoAcids,A_T8D_405,18,2,1,1.87
covalent,5RFV,A_AminoAcids,A_T8J_404,16,1,1,1.20
covalent,5RFW,A_AminoAcids,A_T8M_405,15,2,1,0.48
covalent,5RFX,A_AminoAcids,A_T8P_404,17,2,1,1.84
covalent,5RFY,A_AminoAcids,A_T8S_404,16,2,1,1.11
covalent,5RFZ,A_AminoAcids,A_T8V_404,11,1,1,2.39
covalent,5RG0,A_AminoAcids,A_T8Y_405,12,0,1,1.61
covalent,5RG2,A_AminoAcids,A_T9M_404,14,5,1,4.88
covalent,5RGL,A_AminoAcids,A_U0Y_404,18,1,1,2.47
covalent,5RGM,A_AminoAcids,A_U1D_404,16,2,1,0.34
covalent,5RGN,A_AminoAcids,A_U1A_404,19,2,1,1.94
covalent,5RGO,A_AminoAcids,A_U1G_404,16,1,1,1.56
covalent,5RGP,A_AminoAcids,A_U1M_404,20,2,1,1.18
covalent,5RH9,A_AminoAcids,A_UJ4_405,34,9,1,-3.96
covalent,5RHA,A_AminoAcids,A_T8M_1001,15,2,1,2.14
covalent,5RHB,A_AminoAcids,A_USD_406,8,1,1,4.30
covalent,5RHC,A_AminoAcids,A_USA_1001,7,1,1,4.23
covalent,5RHE,A_AminoAcids,A_UPD_1001,20,3,1,2.58
covalent,5RHF,A_AminoAcids,A_UPJ_405,19,2,1,0.42
covalent,5RL0,A_AminoAcids,A_VEG_1001,32,11,1,-1.11
covalent,5RL1,A_AminoAcids,A_VEJ_1001,30,10,1,-3.26
covalent,5RL2,A_AminoAcids,A_VEM_1001,29,9,1,-2.72
covalent,5RL3,A_AminoAcids,A_VEP_405,31,7,1,-4.02
covalent,5RL4,A_AminoAcids,A_VEV_405,26,6,1,-3.43
covalent,5RL5,A_AminoAcids,A_VEY_405,27,7,1,-3.67
covalent,6LZE,A_AminoAcids,A_FHR_405,33,8,1,-1.68
covalent,6M0K,A_AminoAcids,A_FJC_405,34,8,1,-1.60
covalent,6WTJ,A_AminoAcids,A_K36_401,29,10,1,-1.02
covalent,6WTK,A_AminoAcids,A_UED_401,29,10,1,-2.05
covalent,6WTT,A_AminoAcids,A_K36_401,29,10,1,-1.51
covalent,6XBG,A_AminoAcids,ligand,35,9,1,-2.88
covalent,6XBH,A_AminoAcids,ligand,32,7,1,-3.12
covalent,6XCH,A_AminoAcids,ligand,30,12,1,-1.21
covalent,6XHM,A_AminoAcids,A_V2M_9001,34,10,1,-2.47
covalent,6XMK,A_AminoAcids,A_QYS_401,31,10,1,-2.80
covalent,6XQS,A_AminoAcids,A_SV6_401,49,14,1,-2.92
covalent,6XQT,A_AminoAcids,A_NNA_401,49,16,1,-4.06
covalent,6XQU,A_AminoAcids,A_U5G_401,37,11,1,-2.06
covalent,6XR3,A_AminoAcids,A_V7G_401,41,10,1,-2.51
covalent,6Y2F,A_AminoAcids,A_O6K_502,43,13,1,-2.38
covalent,6Y2G,A_AminoAcids,A_O6K_402,43,13,1,-1.21
covalent,6YNQ,A_AminoAcids,A_P6N_401,12,0,1,1.08
covalent,6YZ6,A_AminoAcids,ligand,30,11,1,0.74
covalent,6ZRT,A_AminoAcids,A_SV6_602,49,14,1,-2.53
covalent,6ZRU,A_AminoAcids,A_U5G_503,37,11,1,-2.38
covalent,7ADW,A_AminoAcids,A_R7Q_504,12,1,1,2.30
covalent,7AHA,A_AminoAcids,A_SIN_409,8,1,1,6.10
covalent,7AKU,A_AminoAcids,A_RN2_401,26,11,1,-0.79
covalent,7AQJ,A_AminoAcids,A_RV8_402,21,6,1,-4.59
covalent,7AWS,A_AminoAcids,A_S8E_401,20,7,1,27.60
covalent,7AY7,A_AminoAcids,A_S8T_401,19,0,1,5.58
covalent,7B3E,A_AminoAcids,A_MYC_407,23,1,1,1.00
covalent,7B83,A_AminoAcids,A_PK8_401,9,0,1,-2.37
covalent,7BRP,A_AminoAcids,A_U5G_401,37,11,1,-1.43
covalent,7BUY,A_AminoAcids,A_JRY_401,9,5,1,3.11
covalent,7C6S,A_AminoAcids,A_U5G_401,37,11,1,-1.60
covalent,7C6U,A_AminoAcids,A_K36_401,29,10,1,-0.20
covalent,7C7P,A_AminoAcids,A_SV6_401,49,14,1,-2.67
covalent,7C8R,A_AminoAcids,A_TG3_401,45,18,1,-3.00
covalent,7C8T,A_AminoAcids,A_NOL_401,43,15,1,-3.44
covalent,7C8U,A_AminoAcids,A_K36_401,29,10,1,-0.38
covalent,7CBT,A_AminoAcids,A_K36_401,29,10,1,-1.45
covalent,7COM,A_AminoAcids,A_U5G_401,37,11,1,-2.20
covalent,7CX9,A_AminoAcids,A_GKF_401,12,0,1,4.01
covalent,7D1M,B_AminoAcids,B_K36_401,29,10,1,-1.07
covalent,7D1O,A_AminoAcids,A_NNA_401,49,16,1,-3.37
covalent,7JKV,A_AminoAcids,A_V7G_401,41,10,1,-3.27
covalent,7JPZ,A_AminoAcids,A_GHX_401,32,11,1,-2.27
covalent,7JQ0,A_AminoAcids,A_VHV_401,36,12,1,-1.59
covalent,7JQ1,A_AminoAcids,A_VHJ_401,39,13,1,-2.77
covalent,7JQ2,A_AminoAcids,A_VHM_401,39,13,1,-2.57
covalent,7JQ3,A_AminoAcids,A_VHP_401,40,14,1,-1.10
covalent,7JQ4,A_AminoAcids,A_XM2_401,43,15,1,0.97
covalent,7JQ5,A_AminoAcids,A_NOL_401,43,15,1,-2.51
covalent,7JYC,A_AminoAcids,A_NNA_401,49,16,1,-2.58
covalent,7K40,A_AminoAcids,A_U5G_401,37,11,1,-2.35
covalent,7K6D,A_AminoAcids,A_SV6_402,49,14,1,-2.52
covalent,7K6E,A_AminoAcids,A_SV6_402,49,14,1,-2.90
covalent,7KS5,A_AminoAcids,A_X1Y_503,14,1,1,-3.63
covalent,7KYU,A_AminoAcids,A_XC4_501,11,0,1,3.23
modulator,7ABU,A_AminoAcids,A_R6Q_401,28,3,1,-3.67
modulator,7AGA,A_AminoAcids,ligand,25,4,1,-4.05
modulator,7AMJ,A_AminoAcids,A_RMZ_409,26,4,1,-2.90
modulator,7AQI,A_AminoAcids,A_QEL_401,24,5,1,-2.84
modulator,7AXM,A_AminoAcids,A_93J_502,33,8,1,-2.77
