Chain ID,Residue name,Residue sequence,7ABU,7AGA,7AMJ,7AQI,7AXM,Average(5)
A,SER,1,0,0,0,0,0,=AVERAGE(D2:H2)
A,PHE,3,0,0,0,0,0,=AVERAGE(D3:H3)
A,PHE,8,0,0,0,0,0,=AVERAGE(D4:H4)
A,VAL,104,0,0,0,0,0,=AVERAGE(D5:H5)
A,ILE,106,0,0,0,0,0,=AVERAGE(D6:H6)
A,GLN,107,0,0,0,0,0,=AVERAGE(D7:H7)
A,PRO,108,0,0,0,0,0,=AVERAGE(D8:H8)
A,GLY,109,0,0,0,0,0,=AVERAGE(D9:H9)
A,GLN,110,0,-0.5772,0,0,0,=AVERAGE(D10:H10)
A,THR,111,0,0,0,0,0,=AVERAGE(D11:H11)
A,PHE,112,0,0,0,0,0,=AVERAGE(D12:H12)
A,ALA,129,0,0,0,0,0,=AVERAGE(D13:H13)
A,MET,130,0,0,0,0,0,=AVERAGE(D14:H14)
A,PHE,150,0,0,0,0,0,=AVERAGE(D15:H15)
A,ASN,151,0,0,0,0,0,=AVERAGE(D16:H16)
A,ILE,152,0,0,0,0,0,=AVERAGE(D17:H17)
A,ASP,153,0,-0.5874,0,0,0,=AVERAGE(D18:H18)
A,TYR,154,0,0,0,0,0,=AVERAGE(D19:H19)
A,SER,158,0,0,0,0,0,=AVERAGE(D20:H20)
A,CYS,160,0,0,0,0,0,=AVERAGE(D21:H21)
A,ILE,200,0,0,0,0,0,=AVERAGE(D22:H22)
A,THR,201,0,0,0,0,0,=AVERAGE(D23:H23)
A,VAL,202,0,0,0,0,0,=AVERAGE(D24:H24)
A,ASN,203,0,0,0,0,0,=AVERAGE(D25:H25)
A,VAL,204,0,0,0,0,0,=AVERAGE(D26:H26)
A,ALA,206,0,0,0,0,0,=AVERAGE(D27:H27)
A,TYR,209,0,0,0,0,0,=AVERAGE(D28:H28)
A,ALA,210,0,0,0,0,0,=AVERAGE(D29:H29)
A,ILE,213,0,0,0,0,0,=AVERAGE(D30:H30)
A,ASN,214,0,0,0,0,0,=AVERAGE(D31:H31)
A,THR,243,0,0,0,0,0,=AVERAGE(D32:H32)
A,ASP,245,0,0,0,0,0,=AVERAGE(D33:H33)
A,HIS,246,0,0,0,0,0,=AVERAGE(D34:H34)
A,ILE,249,0,0,0,0,0,=AVERAGE(D35:H35)
A,LEU,250,0,0,0,0,0,=AVERAGE(D36:H36)
A,GLY,251,0,0,0,0,0,=AVERAGE(D37:H37)
A,PRO,252,0,0,0,0,0,=AVERAGE(D38:H38)
A,LEU,253,0,0,0,0,0,=AVERAGE(D39:H39)
A,SER,254,0,0,0,0,0,=AVERAGE(D40:H40)
A,ALA,255,0,0,0,0,0,=AVERAGE(D41:H41)
A,GLN,256,0,0,0,0,0,=AVERAGE(D42:H42)
A,THR,257,0,0,0,0,0,=AVERAGE(D43:H43)
A,ASP,289,0,0,0,0,0,=AVERAGE(D44:H44)
A,PHE,291,0,0,0,0,0,=AVERAGE(D45:H45)
A,THR,292,0,0,0,0,0,=AVERAGE(D46:H46)
A,PRO,293,0,0,0,0,0,=AVERAGE(D47:H47)
A,PHE,294,0,0,0,0,0,=AVERAGE(D48:H48)
A,ASP,295,0,0,0,0,0,=AVERAGE(D49:H49)
A,VAL,296,0,0,0,0,0,=AVERAGE(D50:H50)
A,VAL,297,0,0,0,0,0,=AVERAGE(D51:H51)
A,ARG,298,0,0,0,0,0,=AVERAGE(D52:H52)
A,GLN,299,0,0,0,0,0,=AVERAGE(D53:H53)
A,CYS,300,0,0,0,0,0,=AVERAGE(D54:H54)
A,SER,301,0,0,0,0,-0.3746,=AVERAGE(D55:H55)
A,GLY,302,0,0,0,0,0,=AVERAGE(D56:H56)
A,VAL,303,0,0,0,0,0,=AVERAGE(D57:H57)
A,THR,304,0,0,0,0,0,=AVERAGE(D58:H58)

Intra-Ligand Free,,,-0.3109,-0.0752,-0.4042,-0.4527,0.537,=AVERAGE(D60:H60)
Inter-Ligand Free,,,-4.3167,-4.9944,-3.5824,-3.6749,-4.0654,=AVERAGE(D61:H61)
Total Free Energy,,,-4.6276,-5.0697,-3.9866,-4.1276,-3.5284,=AVERAGE(D62:H62)
Normalized Total Free Energy,,,-3.6726,-4.0479,-2.9035,-2.8437,-2.77,=AVERAGE(D63:H63)
